City_ID,City,Country,Date,Lat,Lng,Max Temp,Humidity,Cloudiness,Wind Speed
0,Butaritari,KI,2021-04-16 01:37:33,3.0707,172.7902,82.47,74,99,8.12
1,Waycross,US,2021-04-16 01:37:33,31.2136,-82.354,66.2,94,90,3.44
2,Bonfim,BR,2021-04-16 01:37:33,3.0833,-59.95,79.52,78,80,7.78
3,Onega,RU,2021-04-16 01:37:34,63.9061,38.1404,28.65,91,10,3.96
4,Talnakh,RU,2021-04-16 01:37:34,69.4865,88.3972,-15.54,95,90,17.13
5,Qaanaaq,GL,2021-04-16 01:37:34,77.484,-69.3632,0.54,59,10,8.5
6,Berekum,GH,2021-04-16 01:37:34,7.4534,-2.584,75.33,80,95,5.59
7,Rikitea,PF,2021-04-16 01:37:35,-23.1203,-134.9692,77.7,74,87,11.01
8,Albany,US,2021-04-16 01:37:35,42.6001,-73.9662,39.99,78,100,2.59
9,Port Macquarie,AU,2021-04-16 01:35:24,-31.4333,152.9167,75.0,38,44,4.0
10,Atuona,PF,2021-04-16 01:37:35,-9.8,-139.0333,80.91,69,56,15.95
11,Peniche,PT,2021-04-16 01:37:35,39.3558,-9.3811,57.0,90,0,5.64
12,Kaitangata,NZ,2021-04-16 01:37:36,-46.2817,169.8464,53.17,66,100,7.96
13,Dongkan,CN,2021-04-16 01:37:36,33.9997,119.8308,63.32,43,100,12.33
14,Hobart,AU,2021-04-16 01:37:36,-42.8794,147.3294,57.99,50,20,12.66
15,Saint-Philippe,RE,2021-04-16 01:37:36,-21.3585,55.7679,77.0,69,0,5.75
16,Kahului,US,2021-04-16 01:34:25,20.8947,-156.47,80.6,54,1,14.97
17,Paamiut,GL,2021-04-16 01:37:37,61.994,-49.6678,18.28,71,55,30.36
18,Manzhouli,CN,2021-04-16 01:37:37,49.6,117.4333,39.06,30,100,23.71
19,Cidreira,BR,2021-04-16 01:37:37,-30.1811,-50.2056,71.69,79,96,14.88
20,Jalu,LY,2021-04-16 01:37:37,29.0331,21.5482,68.04,33,0,7.61
21,Thompson,CA,2021-04-16 01:37:38,55.7435,-97.8558,42.8,28,75,3.44
22,Cherskiy,RU,2021-04-16 01:37:38,68.75,161.3,24.94,92,100,11.9
23,Barrow,US,2021-04-16 01:37:39,71.2906,-156.7887,14.0,73,90,8.05
24,New Norfolk,AU,2021-04-16 01:37:40,-42.7826,147.0587,57.99,70,60,4.0
25,Adrar,MR,2021-04-16 01:37:40,20.5022,-10.0711,73.18,23,58,11.56
26,Sorgun,TR,2021-04-16 01:37:41,39.8101,35.186,47.71,54,90,4.38
27,Bluff,NZ,2021-04-16 01:37:41,-46.6,168.3333,57.0,59,42,11.99
28,Tongchuan,CN,2021-04-16 01:37:41,35.0806,109.0897,61.66,17,53,6.73
29,Yellowknife,CA,2021-04-16 01:37:41,62.456,-114.3525,42.8,52,75,8.05
30,Vaitape,PF,2021-04-16 01:37:42,-16.5167,-151.75,82.83,70,16,7.38
31,Busselton,AU,2021-04-16 01:37:42,-33.65,115.3333,66.0,74,100,5.01
32,Dali,CN,2021-04-16 01:37:43,25.7,100.1833,69.19,31,51,3.13
33,Lavrentiya,RU,2021-04-16 01:37:45,65.5833,-171.0,20.21,89,99,7.25
34,Husavik,IS,2021-04-16 01:37:45,66.0449,-17.3389,50.0,71,40,3.44
35,Saldanha,ZA,2021-04-16 01:37:46,-33.0117,17.9442,69.8,52,11,6.91
36,Savannakhet,LA,2021-04-16 01:37:46,16.566,104.751,82.4,74,75,2.3
37,Ukiah,US,2021-04-16 01:37:46,39.1502,-123.2078,69.8,35,1,4.61
38,Punta Arenas,CL,2021-04-16 01:33:00,-53.15,-70.9167,50.0,71,90,23.02
39,Ushuaia,AR,2021-04-16 01:37:47,-54.8,-68.3,46.4,71,40,6.91
40,East London,ZA,2021-04-16 01:37:47,-33.0153,27.9116,63.81,66,100,18.9
41,Avarua,CK,2021-04-16 01:37:47,-21.2078,-159.775,84.2,61,1,11.5
42,Ambulu,ID,2021-04-16 01:37:47,-8.345,113.6058,82.96,69,13,2.04
43,Upernavik,GL,2021-04-16 01:37:48,72.7868,-56.1549,-17.9,99,39,4.16
44,Sandakan,MY,2021-04-16 01:37:48,5.8402,118.1179,84.2,74,20,4.61
45,Vaini,TO,2021-04-16 01:37:49,-21.2,-175.2,80.6,69,20,9.22
46,Kandi,BJ,2021-04-16 01:37:49,11.1342,2.9386,85.1,26,80,0.09
47,Saskylakh,RU,2021-04-16 01:37:49,71.9167,114.0833,7.81,93,99,11.81
48,Mount Pleasant,US,2021-04-16 01:36:24,32.7941,-79.8626,69.8,78,40,8.75
49,Mataura,NZ,2021-04-16 01:37:50,-46.1927,168.8643,57.0,59,44,11.99
50,Arica,CL,2021-04-16 01:35:33,-18.475,-70.3042,68.0,73,90,4.61
51,Lolodorf,CM,2021-04-16 01:37:50,3.2333,10.7333,70.79,97,100,1.23
52,Hobyo,SO,2021-04-16 01:37:51,5.3505,48.5268,81.73,68,98,10.87
53,Nalut,LY,2021-04-16 01:37:51,30.3333,10.85,78.53,16,89,13.91
54,The Valley,AI,2021-04-16 01:35:44,18.217,-63.0578,78.8,69,20,9.22
55,Southbridge,US,2021-04-16 01:37:51,42.0751,-72.0334,39.0,99,100,7.96
56,Port Alfred,ZA,2021-04-16 01:37:52,-33.5906,26.891,63.36,58,100,15.1
57,Klaksvik,FO,2021-04-16 01:37:52,62.2266,-6.589,44.6,87,18,20.71
58,Mahebourg,MU,2021-04-16 01:37:52,-20.4081,57.7,75.2,100,75,8.05
59,Lampazos De Naranjo,MX,2021-04-16 01:37:53,27.0167,-100.5167,80.22,67,100,7.52
60,San Patricio,US,2021-04-16 01:37:53,28.017,-97.5169,75.2,88,90,12.66
61,Viedma,AR,2021-04-16 01:37:54,-40.8135,-62.9967,56.57,80,6,3.94
62,Svetlyy,RU,2021-04-16 01:37:54,54.675,20.1347,41.0,87,75,11.18
63,Dikson,RU,2021-04-16 01:37:54,73.5069,80.5464,-8.72,93,100,17.83
64,Soure,BR,2021-04-16 01:37:54,-0.7167,-48.5233,79.18,86,100,9.89
65,Souillac,MU,2021-04-16 01:37:55,-20.5167,57.5167,75.2,100,75,8.05
66,Tiksi,RU,2021-04-16 01:37:55,71.6872,128.8694,7.09,94,90,3.74
67,Dongsheng,CN,2021-04-16 01:37:55,39.8161,109.9776,37.85,26,0,24.9
68,Emerald,AU,2021-04-16 01:37:56,-23.5333,148.1667,84.0,44,0,5.75
69,Hithadhoo,MV,2021-04-16 01:37:56,-0.6,73.0833,82.38,66,18,6.49
70,Norfolk,US,2021-04-16 01:37:56,42.1668,-71.2495,42.01,93,100,13.8
71,Vestmannaeyjar,IS,2021-04-16 01:37:56,63.4427,-20.2734,47.12,95,100,28.36
72,Marsa Matruh,EG,2021-04-16 01:37:57,31.3525,27.2453,60.8,67,0,8.05
73,Victoria,HK,2021-04-16 01:34:32,22.2855,114.1577,73.0,89,100,3.0
74,Los Llanos De Aridane,ES,2021-04-16 01:37:57,28.6585,-17.9182,68.0,73,40,18.41
75,Ribeira Grande,PT,2021-04-16 01:37:58,38.5167,-28.7,62.02,88,93,17.05
76,Severo-Kurilsk,RU,2021-04-16 01:37:58,50.6789,156.125,32.02,71,89,20.15
77,Cape Town,ZA,2021-04-16 01:37:59,-33.9258,18.4232,66.0,77,0,6.91
78,Leningradskiy,RU,2021-04-16 01:37:59,69.3833,178.4167,30.9,73,94,8.97
79,Chuy,UY,2021-04-16 01:37:59,-33.6971,-53.4616,64.99,93,77,3.87
80,Mount Gambier,AU,2021-04-16 01:37:59,-37.8333,140.7667,57.2,58,90,5.75
81,Mormugao,IN,2021-04-16 01:37:24,15.4,73.8,80.6,94,20,4.61
82,Trelew,AR,2021-04-16 01:36:20,-43.249,-65.3051,59.86,40,0,11.16
83,Minab,IR,2021-04-16 01:38:00,27.1467,57.0801,73.4,73,5,4.61
84,Katsuura,JP,2021-04-16 01:38:01,35.1333,140.3,60.8,62,75,6.91
85,Rio Gallegos,AR,2021-04-16 01:38:01,-51.6226,-69.2181,55.4,44,0,23.02
86,Westford,US,2021-04-16 01:38:02,42.5793,-71.4378,41.0,85,100,5.01
87,Jamestown,US,2021-04-16 01:37:22,42.097,-79.2353,36.0,93,90,9.22
88,Aukra,NO,2021-04-16 01:38:02,62.7925,6.919,33.8,93,65,6.91
89,Tongliao,CN,2021-04-16 01:38:02,43.6125,122.2653,49.12,30,39,23.78
90,Honiara,SB,2021-04-16 01:35:05,-9.4333,159.95,86.97,68,23,5.03
91,Bengkulu,ID,2021-04-16 01:35:11,-3.8004,102.2655,73.83,92,100,5.55
92,Diourbel,SN,2021-04-16 01:38:03,14.6628,-16.3925,75.2,69,65,9.22
93,Khatanga,RU,2021-04-16 01:38:03,71.9667,102.5,15.62,92,100,13.44
94,General Pico,AR,2021-04-16 01:36:22,-35.6566,-63.7568,63.82,77,0,6.26
95,Luwuk,ID,2021-04-16 01:38:03,-0.9516,122.7875,83.64,71,100,4.03
96,Satana,IN,2021-04-16 01:38:04,20.5833,74.2,77.16,40,0,2.04
97,Seoul,KR,2021-04-16 01:33:27,37.5683,126.9778,55.4,76,90,14.97
98,Bredasdorp,ZA,2021-04-16 01:38:04,-34.5322,20.0403,62.6,63,78,14.97
99,Broken Hill,AU,2021-04-16 01:38:05,-31.95,141.4333,64.4,48,0,13.8
100,Tete,MZ,2021-04-16 01:38:05,-16.1564,33.5867,66.2,88,20,3.44
101,Hilo,US,2021-04-16 01:38:05,19.7297,-155.09,80.6,57,75,12.66
102,Fare,PF,2021-04-16 01:38:05,-16.7,-151.0167,82.45,72,26,8.23
103,Grand Gaube,MU,2021-04-16 01:38:06,-20.0064,57.6608,79.0,84,86,5.99
104,Tuatapere,NZ,2021-04-16 01:38:06,-46.1333,167.6833,57.0,59,52,11.99
105,Touros,BR,2021-04-16 01:38:06,-5.1989,-35.4608,77.0,88,20,4.61
106,Cap Malheureux,MU,2021-04-16 01:38:06,-19.9842,57.6142,79.0,84,88,5.99
107,Kindu,CD,2021-04-16 01:38:07,-2.95,25.95,71.02,93,100,2.21
108,Torbay,CA,2021-04-16 01:35:28,47.6666,-52.7314,34.0,100,90,19.57
109,Dunedin,NZ,2021-04-16 01:38:07,-45.8742,170.5036,52.0,85,100,1.01
110,Brae,GB,2021-04-16 01:38:07,60.3964,-1.353,42.8,75,40,11.5
111,Hermanus,ZA,2021-04-16 01:38:08,-34.4187,19.2345,63.0,70,20,8.99
112,Caborca,MX,2021-04-16 01:38:08,30.5838,-111.101,70.81,12,100,11.14
113,Clyde River,CA,2021-04-16 01:38:09,70.4692,-68.5914,5.0,85,40,33.38
114,Kapaa,US,2021-04-16 01:38:09,22.0752,-159.319,78.8,65,20,16.11
115,Oktyabrskiy,RU,2021-04-16 01:38:09,54.4815,53.471,48.85,65,100,1.5
116,Ratnagiri,IN,2021-04-16 01:38:09,16.9833,73.3,81.09,74,20,3.56
117,Lodwar,KE,2021-04-16 01:38:10,3.1191,35.5973,83.35,49,38,8.23
118,Albrechtice,CZ,2021-04-16 01:38:10,49.7864,18.5244,37.0,99,100,5.01
119,Norman Wells,CA,2021-04-16 01:38:10,65.282,-126.8329,55.4,28,20,5.75
120,Evensk,RU,2021-04-16 01:38:10,61.95,159.2333,27.75,84,100,16.11
121,Sikasso,ML,2021-04-16 01:38:11,10.9167,-7.0,86.94,36,75,5.79
122,Luebo,CD,2021-04-16 01:38:11,-5.35,21.4167,68.02,97,98,1.59
123,Hambantota,LK,2021-04-16 01:38:11,6.1241,81.1185,73.4,100,20,2.3
124,Esperance,AU,2021-04-16 01:38:11,-33.8667,121.9,62.6,77,75,6.91
125,Balta,UA,2021-04-16 01:38:12,47.9355,29.6198,40.73,90,100,11.79
126,Port Elizabeth,ZA,2021-04-16 01:38:12,-33.918,25.5701,60.8,59,75,4.61
127,Parakou,BJ,2021-04-16 01:38:12,9.3372,2.6303,77.72,72,26,7.4
128,Kayerkan,RU,2021-04-16 01:38:13,69.3497,87.7602,-14.03,97,100,11.63
129,Nome,US,2021-04-16 01:38:13,64.5011,-165.4064,30.99,80,75,18.41
130,Dubrovnik,HR,2021-04-16 01:38:13,42.6481,18.0922,46.4,39,0,16.11
131,Pangnirtung,CA,2021-04-16 01:38:13,66.1451,-65.7125,-12.28,84,16,7.25
132,Zaysan,KZ,2021-04-16 01:38:14,47.4667,84.8667,51.35,38,0,3.67
133,Dzhebariki-Khaya,RU,2021-04-16 01:38:14,62.2167,135.8,27.01,90,100,7.16
134,Ziro,IN,2021-04-16 01:38:14,27.6333,93.8333,59.47,60,100,2.73
135,Buzovna,AZ,2021-04-16 01:38:15,40.5179,50.1139,48.2,87,0,2.3
136,Saint-Joseph,RE,2021-04-16 01:38:15,-21.3667,55.6167,77.0,69,0,5.75
137,Tasiilaq,GL,2021-04-16 01:38:15,65.6145,-37.6368,26.6,100,90,4.61
138,Fier,AL,2021-04-16 01:38:16,40.7239,19.5561,43.09,72,52,4.68
139,Bambous Virieux,MU,2021-04-16 01:38:16,-20.3428,57.7575,79.0,100,75,8.05
140,Portland,US,2021-04-16 01:37:22,45.5234,-122.6762,75.2,23,1,8.05
141,Ardakan,IR,2021-04-16 01:38:16,32.31,54.0175,66.2,32,0,9.22
142,Uray,RU,2021-04-16 01:38:17,60.1247,64.7758,33.96,72,8,11.56
143,Banepa,NP,2021-04-16 01:38:17,27.6298,85.5214,59.0,67,75,2.3
144,Rocha,UY,2021-04-16 01:38:17,-34.4833,-54.3333,63.84,90,73,3.96
145,Caravelas,BR,2021-04-16 01:38:18,-17.7125,-39.2481,72.59,76,32,6.76
146,Victor Harbor,AU,2021-04-16 01:38:18,-35.5667,138.6167,59.0,92,98,5.01
147,Mar Del Plata,AR,2021-04-16 01:35:42,-38.0023,-57.5575,66.99,94,0,5.75
148,Matamoros,MX,2021-04-16 01:38:18,25.5333,-103.25,95.0,7,40,5.75
149,Brigantine,US,2021-04-16 01:38:18,39.4101,-74.3646,53.6,58,1,6.91
150,Port Hedland,AU,2021-04-16 01:38:02,-20.3167,118.5667,82.4,44,2,18.41
151,Edirne,TR,2021-04-16 01:38:19,41.6772,26.556,44.01,76,98,6.76
152,Abu Kamal,SY,2021-04-16 01:38:19,34.4506,40.9171,65.84,25,7,6.93
153,Mount Isa,AU,2021-04-16 01:38:19,-20.7333,139.5,87.8,19,0,6.91
154,San Andres,CO,2021-04-16 01:38:19,12.5847,-81.7006,82.4,78,75,10.36
155,Tigil,RU,2021-04-16 01:38:20,57.8,158.6667,30.38,76,100,15.35
156,Yar-Sale,RU,2021-04-16 01:38:20,66.8333,70.8333,-4.16,90,11,8.32
157,Rogaska Slatina,SI,2021-04-16 01:37:12,46.2375,15.6397,30.99,76,22,1.01
158,Sao Filipe,CV,2021-04-16 01:38:21,14.8961,-24.4956,72.5,72,0,14.58
159,Saint-Augustin,CA,2021-04-16 01:38:21,51.226,-58.6502,32.29,70,69,13.73
160,Alfenas,BR,2021-04-16 01:38:21,-21.4292,-45.9472,59.38,88,0,4.99
161,Manokwari,ID,2021-04-16 01:38:21,-0.8667,134.0833,84.15,71,99,5.68
162,Kirakira,SB,2021-04-16 01:38:22,-10.4544,161.9205,85.64,72,44,7.43
163,Salalah,OM,2021-04-16 01:38:22,17.0151,54.0924,78.8,73,20,3.44
164,Gari,RU,2021-04-16 01:38:22,59.4307,62.3497,34.59,75,15,9.01
165,Porto Novo,BJ,2021-04-16 01:38:23,6.4965,2.6036,84.2,79,40,9.22
166,Patan,NP,2021-04-16 01:38:23,27.6667,85.3333,59.0,67,75,2.3
167,Vao,NC,2021-04-16 01:38:23,-22.6667,167.4833,73.22,91,96,15.88
168,Ponta Do Sol,PT,2021-04-16 01:38:23,32.6667,-17.1,64.4,77,40,10.36
169,Petropavlovsk-Kamchatskiy,RU,2021-04-16 01:38:24,53.0452,158.6483,37.4,48,20,17.9
170,Iqaluit,CA,2021-04-16 01:38:24,63.7506,-68.5145,3.2,72,40,5.75
171,Santa Lucia,ES,2021-04-16 01:38:24,27.9117,-15.5407,66.2,77,40,10.36
172,Beringovskiy,RU,2021-04-16 01:38:25,63.05,179.3167,36.03,90,100,11.61
173,Tilichiki,RU,2021-04-16 01:38:25,60.4667,166.1,31.66,99,100,17.74
174,Chigorodo,CO,2021-04-16 01:38:25,7.6664,-76.6811,75.45,96,100,3.27
175,Misratah,LY,2021-04-16 01:38:25,32.3754,15.0925,61.39,83,100,24.2
176,Georgetown,MY,2021-04-16 01:38:26,5.4112,100.3354,78.8,89,20,2.3
177,Kodiak,US,2021-04-16 01:33:29,57.79,-152.4072,42.8,75,90,9.22
178,Puerto Ayora,EC,2021-04-16 01:38:26,-0.7393,-90.3518,77.0,96,85,1.99
179,Aloleng,PH,2021-04-16 01:38:26,16.1307,119.7824,86.22,61,20,3.56
180,Samur,RU,2021-04-16 01:38:26,41.8253,48.486,52.72,62,67,3.53
181,Kaoma,ZM,2021-04-16 01:38:27,-14.7833,24.8,59.34,72,57,4.63
182,Saint Paul,US,2021-04-16 01:33:32,44.9444,-93.0933,48.99,61,90,8.05
183,Mandan,US,2021-04-16 01:38:27,46.8267,-100.8896,41.0,93,90,10.36
184,Fortuna,US,2021-04-16 01:38:27,40.5982,-124.1573,57.0,82,1,9.22
185,Inhambane,MZ,2021-04-16 01:38:28,-23.865,35.3833,68.0,87,0,4.23
186,Teya,RU,2021-04-16 01:38:28,60.3778,92.6267,32.92,96,100,5.84
187,Bama,NG,2021-04-16 01:38:28,11.5221,13.6856,78.93,17,60,4.99
188,Kutum,SD,2021-04-16 01:38:30,14.2,24.6667,66.29,11,76,9.08
189,Castro,BR,2021-04-16 01:38:30,-24.7911,-50.0119,55.89,95,3,3.78
190,Never,FR,2021-04-16 01:38:30,46.9896,3.159,30.99,77,0,7.29
191,Piacabucu,BR,2021-04-16 01:38:31,-10.4056,-36.4344,75.56,86,50,3.51
192,Hofn,IS,2021-04-16 01:38:31,64.2539,-15.2082,45.68,96,100,22.73
193,Baherden,TM,2021-04-16 01:38:31,38.4362,57.4316,64.08,52,14,2.42
194,Bull Savanna,JM,2021-04-16 01:38:31,17.8868,-77.5902,73.22,81,79,6.51
195,Azuaga,ES,2021-04-16 01:38:32,38.2667,-5.6833,52.0,94,99,1.01
196,Belaya Gora,RU,2021-04-16 01:38:32,68.5333,146.4167,9.05,87,100,5.84
197,Verkhoyansk,RU,2021-04-16 01:38:32,67.5447,133.385,17.11,82,100,5.57
198,Te Anau,NZ,2021-04-16 01:38:33,-45.4167,167.7167,53.46,54,12,6.44
199,Ostrovnoy,RU,2021-04-16 01:38:33,68.0531,39.5131,31.19,98,100,5.57
200,Srednekolymsk,RU,2021-04-16 01:38:33,67.45,153.6833,17.22,82,100,9.28
201,Kungurtug,RU,2021-04-16 01:38:33,50.5994,97.5228,29.44,65,12,1.52
202,Biltine,TD,2021-04-16 01:38:34,14.5333,20.9167,78.51,7,79,14.34
203,San Quintin,MX,2021-04-16 01:38:34,30.4833,-115.95,58.01,73,68,15.35
204,Ulverstone,AU,2021-04-16 01:38:34,-41.15,146.1667,61.0,49,8,7.0
205,Tabory,RU,2021-04-16 01:38:34,58.5198,64.5495,39.15,72,100,9.17
206,Endicott,US,2021-04-16 01:38:35,42.0984,-76.0494,41.0,87,90,3.44
207,Churapcha,RU,2021-04-16 01:38:35,62.0025,132.4325,27.75,85,100,7.49
208,Port Moresby,PG,2021-04-16 01:38:35,-9.4431,147.1797,86.0,66,75,9.22
209,Jiwani,PK,2021-04-16 01:38:35,25.05,61.7417,80.92,70,5,5.44
210,Pisco,PE,2021-04-16 01:38:36,-13.7,-76.2167,66.2,82,0,17.27
211,Saint-Leu,RE,2021-04-16 01:38:36,-21.15,55.2833,77.0,69,0,5.75
212,Kununurra,AU,2021-04-16 01:38:36,-15.7667,128.7333,87.8,37,19,4.61
213,Darnah,LY,2021-04-16 01:38:37,32.767,22.6367,57.63,74,100,3.02
214,Kapoeta,SS,2021-04-16 01:38:37,4.7717,33.5903,75.4,65,99,9.86
215,Royan,FR,2021-04-16 01:38:37,45.6285,-1.0281,39.2,60,0,10.36
216,Luderitz,NA,2021-04-16 01:38:38,-26.6481,15.1594,77.54,31,95,8.46
217,Calama,CL,2021-04-16 01:38:38,-22.4667,-68.9333,57.2,35,0,11.5
218,Aleksandrovskoye,RU,2021-04-16 01:38:38,44.7142,43.0008,46.0,87,12,4.47
219,Provideniya,RU,2021-04-16 01:38:38,64.3833,-173.3,17.6,67,90,8.95
220,Pangoa,PE,2021-04-16 01:38:39,-12.1167,-73.0,68.43,92,100,2.55
221,Airai,TL,2021-04-16 01:38:39,-8.9266,125.4092,71.28,60,83,2.89
222,Iskateley,RU,2021-04-16 01:38:39,67.6803,53.1512,23.67,86,17,14.25
223,Novopavlovka,RU,2021-04-16 01:38:39,51.2172,109.2091,35.78,35,30,9.1
224,Sabang,ID,2021-04-16 01:38:40,5.8933,95.3214,83.52,72,65,13.65
225,Matara,LK,2021-04-16 01:38:40,5.9485,80.5353,78.17,86,99,4.32
226,Umm Lajj,SA,2021-04-16 01:38:40,25.0213,37.2685,74.64,67,0,10.63
227,Weihe,CN,2021-04-16 01:38:40,32.9952,105.3247,59.25,43,99,2.51
228,Puerto Suarez,BO,2021-04-16 01:38:41,-18.95,-57.8,76.95,63,33,2.93
229,Hasaki,JP,2021-04-16 01:38:41,35.7333,140.8333,62.6,51,75,13.8
230,Cabo San Lucas,MX,2021-04-16 01:36:56,22.8909,-109.9124,82.4,36,1,11.5
231,Pevek,RU,2021-04-16 01:38:41,69.7008,170.3133,23.54,77,100,25.5
232,Nanortalik,GL,2021-04-16 01:38:42,60.1432,-45.2371,25.21,73,8,48.52
233,Saint George,US,2021-04-16 01:37:11,37.1041,-113.5841,66.2,15,1,12.66
234,Chimoio,MZ,2021-04-16 01:38:42,-19.1164,33.4833,62.01,100,20,2.71
235,Hervey Bay,AU,2021-04-16 01:38:42,-25.2986,152.8535,78.8,53,40,5.75
236,Kemin,KG,2021-04-16 01:38:43,42.7846,75.6892,54.59,62,18,3.76
237,Giyon,ET,2021-04-16 01:38:43,8.5333,37.9833,58.8,79,35,3.38
238,Sambava,MG,2021-04-16 01:38:43,-14.2667,50.1667,74.75,89,59,4.61
239,Bethel,US,2021-04-16 01:33:52,41.3712,-73.414,44.01,95,100,1.01
240,Cockburn Town,TC,2021-04-16 01:38:44,21.4612,-71.1419,75.02,62,5,9.48
241,Rodrigues Alves,BR,2021-04-16 01:38:44,-7.738,-72.6509,73.17,95,100,2.26
242,Concepcion,CL,2021-04-16 01:37:53,-36.827,-73.0498,59.0,77,0,10.36
243,Dingle,PH,2021-04-16 01:38:45,10.9995,122.6711,85.55,64,100,8.66
244,Nikolskoye,RU,2021-04-16 01:38:45,59.7035,30.7861,37.4,56,0,6.71
245,Soma,TR,2021-04-16 01:38:45,39.1855,27.6094,55.99,93,40,2.73
246,Khlevnoye,RU,2021-04-16 01:38:45,52.1951,39.0932,37.4,93,0,4.03
247,Lagdo,CM,2021-04-16 01:38:46,9.05,13.7333,80.89,49,53,2.46
248,Kijang,KR,2021-04-16 01:38:46,35.2442,129.2139,60.8,51,75,5.75
249,Dinghai,CN,2021-04-16 01:38:46,26.2847,119.7936,64.4,77,75,4.47
250,Komsomolskiy,UZ,2021-04-16 01:38:47,40.4272,71.7189,55.4,58,34,9.22
251,Rawah,IQ,2021-04-16 01:38:47,34.4816,41.9093,63.18,26,5,1.61
252,Port Hawkesbury,CA,2021-04-16 01:38:47,45.6169,-61.3485,36.0,86,1,5.75
253,Longyearbyen,SJ,2021-04-16 01:38:48,78.2186,15.6401,21.2,73,90,8.05
254,Neubrandenburg,DE,2021-04-16 01:38:48,53.5667,13.2667,39.99,70,100,1.99
255,Makakilo City,US,2021-04-16 01:38:48,21.3469,-158.0858,80.6,57,90,12.66
256,Chumphon,TH,2021-04-16 01:38:48,10.3333,98.8333,86.0,94,20,3.42
257,Zhigansk,RU,2021-04-16 01:38:49,66.7697,123.3711,21.49,92,100,19.04
258,Vila Franca Do Campo,PT,2021-04-16 01:38:49,37.7167,-25.4333,57.2,88,20,2.3
259,Vila Velha,BR,2021-04-16 01:38:49,-20.3297,-40.2925,68.0,88,20,3.44
260,Yeppoon,AU,2021-04-16 01:38:49,-23.1333,150.7333,82.4,42,0,6.91
261,Makinsk,KZ,2021-04-16 01:38:50,52.6292,70.4169,43.74,46,0,6.02
262,Sisophon,KH,2021-04-16 01:38:50,13.5859,102.9737,89.24,52,10,5.57
263,Luganville,VU,2021-04-16 01:38:50,-15.5333,167.1667,86.32,63,3,8.7
264,Sorland,NO,2021-04-16 01:38:51,67.667,12.6934,41.29,90,98,18.21
265,Moose Factory,CA,2021-04-16 01:38:51,51.2585,-80.6094,32.0,86,90,13.8
266,Urucara,BR,2021-04-16 01:38:51,-2.5364,-57.76,75.74,89,97,0.78
267,Alghero,IT,2021-04-16 01:38:51,40.5589,8.3181,48.2,81,0,4.61
268,Maragogi,BR,2021-04-16 01:38:14,-9.0122,-35.2225,74.71,88,100,4.41
269,Berdigestyakh,RU,2021-04-16 01:38:52,62.0989,126.6992,30.27,84,98,7.76
270,Ler,SS,2021-04-16 01:38:52,8.3018,30.1418,78.89,51,100,1.03
271,Virginia Beach,US,2021-04-16 01:36:32,36.8529,-75.978,57.0,82,40,4.61
272,Lima,PE,2021-04-16 01:36:23,-12.0432,-77.0282,69.01,82,90,6.91
273,Lewistown,US,2021-04-16 01:38:52,40.5992,-77.5714,43.0,78,1,12.66
274,Saint-Georges,GD,2021-04-16 01:38:53,12.0564,-61.7485,80.6,89,40,14.97
275,Vilyuysk,RU,2021-04-16 01:38:53,63.7553,121.6247,28.76,87,100,11.63
276,Puerto Maldonado,PE,2021-04-16 01:38:53,-12.6,-69.1833,77.07,79,91,2.15
277,Alice Springs,AU,2021-04-16 01:38:53,-23.7,133.8833,66.2,45,75,13.8
278,Vardo,NO,2021-04-16 01:38:54,70.3705,31.1107,36.41,81,100,21.36
279,Orichi,RU,2021-04-16 01:38:54,58.4036,49.0572,33.78,80,99,9.46
280,Kavieng,PG,2021-04-16 01:38:54,-2.5744,150.7967,83.25,71,77,8.7
281,Yingcheng,CN,2021-04-16 01:38:55,30.95,113.55,68.0,83,100,2.24
282,Alta Floresta,BR,2021-04-16 01:38:55,-9.8756,-56.0861,71.94,96,100,1.32
283,Vrangel,RU,2021-04-16 01:38:55,42.7297,133.0839,43.14,78,82,17.05
284,Vanavara,RU,2021-04-16 01:38:56,60.34,102.2797,34.93,97,100,17.43
285,Navahrudak,BY,2021-04-16 01:38:56,53.6,25.8333,40.64,97,100,11.95
286,Arraial Do Cabo,BR,2021-04-16 01:38:56,-22.9661,-42.0278,74.75,66,44,11.95
287,Tuktoyaktuk,CA,2021-04-16 01:38:56,69.4541,-133.0374,15.8,92,90,16.11
288,Kailua,US,2021-04-16 01:38:57,21.4022,-157.7394,80.6,64,75,13.8
289,Yulara,AU,2021-04-16 01:38:57,-25.2406,130.9889,68.0,45,40,17.27
290,Lebu,CL,2021-04-16 01:38:57,-37.6167,-73.65,54.3,87,100,12.3
291,Pafos,CY,2021-04-16 01:36:34,34.7667,32.4167,57.2,82,100,3.44
292,Sao Jose Da Coroa Grande,BR,2021-04-16 01:38:58,-8.8978,-35.1478,75.85,86,100,5.26
293,Miraflores,MX,2021-04-16 01:38:58,19.2167,-98.8083,77.0,20,40,2.64
294,Port Blair,IN,2021-04-16 01:38:58,11.6667,92.75,83.82,71,100,8.08
295,Businga,CD,2021-04-16 01:38:58,3.3333,20.8833,71.49,89,88,2.91
296,Eureka,US,2021-04-16 01:37:17,40.8021,-124.1637,57.0,73,6,3.0
297,Qui Nhon,VN,2021-04-16 01:38:59,13.7667,109.2333,83.61,65,70,9.64
298,Zyryanka,RU,2021-04-16 01:38:59,65.75,150.85,17.92,74,100,5.86
299,Stuttgart,DE,2021-04-16 01:39:00,48.7823,9.177,32.0,69,0,2.3
300,Bojnurd,IR,2021-04-16 01:39:00,37.4747,57.329,46.4,87,0,2.3
301,Samana,DO,2021-04-16 01:39:00,19.2056,-69.3369,72.27,82,16,6.08
302,Flinders,AU,2021-04-16 01:39:01,-34.5833,150.8552,71.01,52,40,13.8
303,Sardarshahr,IN,2021-04-16 01:39:01,28.4333,74.4833,81.09,19,94,12.66
304,Bourg-En-Bresse,FR,2021-04-16 01:39:01,46.1667,5.1667,39.2,69,0,1.14
305,Zhezkazgan,KZ,2021-04-16 01:39:02,47.8043,67.7144,50.14,46,38,8.57
306,Mahajanga,MG,2021-04-16 01:39:02,-15.7167,46.3167,77.0,94,20,2.3
307,Gayny,RU,2021-04-16 01:39:02,60.3071,54.3241,29.8,82,5,3.49
308,Hami,CN,2021-04-16 01:39:02,42.8,93.45,60.69,10,6,13.87
309,Rawson,AR,2021-04-16 01:39:03,-43.3002,-65.1023,60.17,44,0,12.5
310,Dedza,MW,2021-04-16 01:39:03,-14.3779,34.3332,52.27,84,85,2.33
311,Kjollefjord,NO,2021-04-16 01:39:03,70.9457,27.3465,33.82,98,100,13.4
312,Kem,RU,2021-04-16 01:39:04,64.9555,34.5793,31.28,91,10,7.23
313,Naze,JP,2021-04-16 01:39:04,28.3667,129.4833,73.4,78,75,9.22
314,Pangody,RU,2021-04-16 01:39:04,65.85,74.4859,-2.79,92,10,15.03
315,Dawson Creek,CA,2021-04-16 01:39:05,55.7666,-120.2362,64.4,29,1,6.91
316,Mairana,BO,2021-04-16 01:39:05,-18.1167,-63.9333,55.44,98,46,1.39
317,Hualmay,PE,2021-04-16 01:39:05,-11.0964,-77.6139,67.03,84,99,8.23
318,Manitouwadge,CA,2021-04-16 01:39:06,49.1215,-85.8403,33.8,75,100,8.05
319,Hun,LY,2021-04-16 01:39:06,29.1268,15.9477,70.68,29,38,15.9
320,Nouakchott,MR,2021-04-16 01:39:07,18.0858,-15.9785,73.4,60,0,18.41
321,Constantine,DZ,2021-04-16 01:39:07,36.365,6.6147,51.8,93,75,6.91
322,Atraulia,IN,2021-04-16 01:39:07,26.3333,82.95,88.38,16,13,10.36
323,Vostok,RU,2021-04-16 01:39:08,46.4856,135.8833,51.62,35,100,7.92
324,Lorengau,PG,2021-04-16 01:39:08,-2.0226,147.2712,84.61,67,60,5.57
325,Constitucion,CL,2021-04-16 01:39:08,-35.3333,-72.4167,55.8,87,2,11.32
326,Padang,ID,2021-04-16 01:39:09,-0.9492,100.3543,81.46,68,99,1.23
327,Carnarvon,AU,2021-04-16 01:39:09,-24.8667,113.6333,80.47,30,0,16.33
328,Sobolevo,RU,2021-04-16 01:39:09,54.4299,31.8996,48.51,95,100,10.45
329,Fort Myers Beach,US,2021-04-16 01:38:44,26.452,-81.9481,75.2,78,1,3.44
330,Hay River,CA,2021-04-16 01:35:21,60.8156,-115.7999,59.0,31,99,5.26
331,Champerico,GT,2021-04-16 01:39:09,14.3,-91.9167,86.0,66,20,6.91
332,Les Cayes,HT,2021-04-16 01:39:10,18.2,-73.75,74.91,85,21,1.52
333,Sorong,ID,2021-04-16 01:39:10,-0.8833,131.25,85.12,65,100,13.0
334,Maymyo,MM,2021-04-16 01:39:10,22.0333,96.4667,77.0,73,40,3.44
335,Amahai,ID,2021-04-16 01:39:11,-3.3333,128.9167,83.3,67,100,4.07
336,Haines Junction,CA,2021-04-16 01:39:11,60.7522,-137.5108,48.2,34,67,6.91
337,Mantua,IT,2021-04-16 01:39:11,45.1667,10.7833,37.99,85,2,1.01
338,Lompoc,US,2021-04-16 01:39:12,34.6391,-120.4579,55.4,76,36,13.8
339,Kysyl-Syr,RU,2021-04-16 01:39:12,63.8986,122.7617,28.8,86,100,10.29
340,Manta,EC,2021-04-16 01:39:12,-0.95,-80.7333,77.0,78,75,6.91
341,Pimenta Bueno,BR,2021-04-16 01:39:13,-11.6725,-61.1936,73.17,94,99,1.63
342,Jolalpan,MX,2021-04-16 01:39:13,18.325,-98.8417,85.71,22,16,4.7
343,Wanning,CN,2021-04-16 01:39:13,18.8003,110.3967,81.79,72,41,8.55
344,San Policarpo,PH,2021-04-16 01:39:14,12.1791,125.5072,81.81,82,100,10.36
345,Dingli,MT,2021-04-16 01:39:14,35.8614,14.3822,57.2,82,40,18.41
346,Sidvokodvo,SZ,2021-04-16 01:39:14,-26.6282,31.4202,68.0,88,35,3.44
347,Bubaque,GW,2021-04-16 01:39:15,11.2833,-15.8333,76.66,74,1,13.02
348,Gat,IL,2021-04-16 01:35:04,31.61,34.7642,64.99,85,99,0.63
349,Chicama,PE,2021-04-16 01:39:15,-7.8447,-79.1469,66.2,88,83,10.36
350,Vuktyl,RU,2021-04-16 01:39:15,63.8567,57.3094,24.01,64,6,2.37
351,Loyola,US,2021-04-16 01:39:16,37.3513,-122.1005,64.0,59,1,14.97
352,Codrington,AU,2021-04-16 01:39:16,-38.2667,141.9667,56.53,56,100,8.93
353,Solwezi,ZM,2021-04-16 01:39:16,-12.1688,26.3894,58.64,75,99,4.38
354,Ust-Nera,RU,2021-04-16 01:39:16,64.5667,143.2,15.03,80,99,9.13
355,Faya,SA,2021-04-16 01:39:17,18.3851,42.4509,60.8,59,0,4.61
356,Palana,RU,2021-04-16 01:39:17,59.1167,159.9667,26.13,71,100,16.15
357,Nhulunbuy,AU,2021-04-16 01:39:17,-12.2333,136.7667,87.8,58,20,11.5
358,Bonthe,SL,2021-04-16 01:39:18,7.5264,-12.505,79.2,85,21,6.38
359,Berlevag,NO,2021-04-16 01:39:18,70.8578,29.0864,35.49,88,100,20.76
360,Bandrele,YT,2021-04-16 01:39:18,-12.9067,45.1914,78.8,89,0,6.91
361,Mehamn,NO,2021-04-16 01:39:19,71.0357,27.8492,34.27,91,100,17.49
362,Tres Arroyos,AR,2021-04-16 01:39:19,-38.3739,-60.2798,58.06,92,0,5.91
363,Malanje,AO,2021-04-16 01:39:19,-9.5402,16.341,61.88,97,98,2.82
364,Forestville,US,2021-04-16 01:39:20,38.8451,-76.875,52.0,40,90,12.66
365,Cairns,AU,2021-04-16 01:39:20,-16.9167,145.7667,86.0,65,40,10.36
366,Maneadero,MX,2021-04-16 01:39:20,31.7167,-116.5667,60.01,78,88,5.99
367,Santa Cruz,BO,2021-04-16 01:39:20,-17.8,-63.1667,75.31,72,52,4.29
368,Quimper,FR,2021-04-16 01:39:21,48.0,-4.1,39.2,75,0,4.61
369,Karratha,AU,2021-04-16 01:38:22,-20.7377,116.8463,85.1,42,0,20.51
370,Saryozek,KZ,2021-04-16 01:39:21,44.3583,77.9753,58.84,36,4,4.27
371,Omaruru,NA,2021-04-16 01:39:21,-21.4333,15.9333,62.44,42,15,4.29
372,Ilulissat,GL,2021-04-16 01:39:22,69.2167,-51.1,8.6,66,75,8.05
373,Revda,RU,2021-04-16 01:39:22,56.801,59.9303,42.8,75,20,8.95
374,Lebanon,US,2021-04-16 01:39:22,36.2081,-86.2911,51.8,54,75,4.88
375,Arlit,NE,2021-04-16 01:39:23,18.7369,7.3853,82.83,8,75,9.31
376,Shatalovo,RU,2021-04-16 01:39:23,54.334,32.4465,48.13,94,100,9.46
377,Saint Anthony,US,2021-04-16 01:39:23,45.0205,-93.218,50.0,61,90,8.05
378,Tingo Maria,PE,2021-04-16 01:39:23,-9.2895,-76.0088,69.39,97,96,1.72
379,Carutapera,BR,2021-04-16 01:39:24,-1.195,-46.02,75.99,93,91,5.5
380,Asfi,MA,2021-04-16 01:39:24,32.2994,-9.2372,61.56,83,7,2.64
381,Alytus,LT,2021-04-16 01:39:24,54.4,24.05,42.8,70,90,9.22
382,Bo Phloi,TH,2021-04-16 01:39:25,14.3236,99.5161,90.0,59,85,5.39
383,Athabasca,CA,2021-04-16 01:39:25,54.7169,-113.2854,60.8,20,10,2.3
384,Jining,CN,2021-04-16 01:39:25,35.405,116.5814,64.62,18,92,6.58
385,Kikuchi,JP,2021-04-16 01:39:25,32.9833,130.8167,60.8,55,75,3.44
386,Calabozo,VE,2021-04-16 01:39:26,8.9242,-67.4293,82.08,69,96,2.95
387,Vinh,VN,2021-04-16 01:39:26,18.6667,105.6667,79.18,82,95,1.14
388,Chingirlau,KZ,2021-04-16 01:39:26,51.095,54.0814,48.76,58,3,8.84
389,Puerto Escondido,MX,2021-04-16 01:39:26,15.85,-97.0667,82.4,74,1,9.22
390,Homer,US,2021-04-16 01:39:27,59.6425,-151.5483,46.4,66,90,4.81
391,Beian,NO,2021-04-16 01:39:27,63.6559,9.5683,39.2,93,0,8.05
392,Tessalit,ML,2021-04-16 01:39:27,20.1986,1.0114,83.25,12,4,8.12
393,Bowen,AU,2021-04-16 01:39:28,-20.0167,148.2333,82.4,65,40,11.5
394,Pangai,TO,2021-04-16 01:39:28,-19.8,-174.35,82.4,78,75,4.61
395,Sangar,RU,2021-04-16 01:39:28,63.9242,127.4739,23.23,91,100,9.64
396,Balti,MD,2021-04-16 01:39:28,47.7617,27.9289,39.0,92,100,4.0
397,Sitka,US,2021-04-16 01:39:29,57.0531,-135.33,46.4,81,1,2.24
398,Scarborough,GB,2021-04-16 01:36:02,54.2797,-0.4044,35.01,91,5,2.55
399,Bicaz,RO,2021-04-16 01:39:29,46.9167,26.0667,36.0,52,47,4.61
400,Moron,AR,2021-04-16 01:39:29,-34.6534,-58.6198,70.0,77,0,1.99
401,Lagos,NG,2021-04-16 01:35:05,6.5833,3.75,78.8,89,20,2.3
402,La Ronge,CA,2021-04-16 01:39:30,55.1001,-105.2842,48.2,34,57,6.91
403,Bilma,NE,2021-04-16 01:39:30,18.6853,12.9164,80.49,8,5,6.93
404,Kadiri,IN,2021-04-16 01:39:30,14.1167,78.1667,79.56,59,3,1.61
405,Riyadh,SA,2021-04-16 01:39:31,24.6877,46.7219,75.2,25,40,3.44
406,Asind,IN,2021-04-16 01:39:31,25.7333,74.3333,78.44,45,60,19.39
407,Lexington Park,US,2021-04-16 01:39:31,38.2668,-76.4538,59.0,47,90,17.27
408,Olafsvik,IS,2021-04-16 01:39:31,64.8945,-23.7142,43.65,96,94,14.34
409,Chunskiy,RU,2021-04-16 01:39:32,56.0815,99.6342,38.88,79,100,11.77
410,Chokurdakh,RU,2021-04-16 01:39:32,70.6333,147.9167,0.18,87,12,1.48
411,Chifeng,CN,2021-04-16 01:39:32,42.2683,118.9636,45.05,22,30,30.98
412,Charcas,MX,2021-04-16 01:39:33,23.1333,-101.1167,74.5,12,6,6.98
413,Kolno,PL,2021-04-16 01:39:33,53.4115,21.9291,41.0,87,90,11.5
414,Cayenne,GF,2021-04-16 01:39:33,4.9333,-52.3333,81.0,83,75,4.61
415,Kabanjahe,ID,2021-04-16 01:39:33,3.1001,98.4908,78.8,89,20,6.91
416,Hamilton,US,2021-04-16 01:35:19,39.1834,-84.5333,48.99,53,90,9.22
417,Bikaner,IN,2021-04-16 01:39:34,28.0167,73.3,78.69,23,100,11.25
418,Shimoda,JP,2021-04-16 01:39:18,34.6667,138.95,60.8,67,75,16.11
419,Isangel,VU,2021-04-16 01:39:34,-19.55,169.2667,84.2,79,75,8.05
420,Acarau,BR,2021-04-16 01:39:35,-2.8856,-40.12,77.72,87,94,11.23
421,Kiama,AU,2021-04-16 01:39:35,-34.6833,150.8667,66.99,52,40,13.8
422,Faanui,PF,2021-04-16 01:39:35,-16.4833,-151.75,82.85,70,21,7.43
423,Oistins,BB,2021-04-16 01:39:36,13.0667,-59.5333,80.6,65,75,20.71
424,Bathsheba,BB,2021-04-16 01:39:36,13.2167,-59.5167,80.6,65,75,20.71
425,Kruisfontein,ZA,2021-04-16 01:39:36,-34.0033,24.7314,61.0,66,100,1.01
426,Kangaatsiaq,GL,2021-04-16 01:39:36,68.3065,-53.4641,3.96,81,100,13.27
427,Rundu,NA,2021-04-16 01:39:37,-17.9333,19.7667,59.04,40,4,5.26
428,Fort Nelson,CA,2021-04-16 01:39:37,58.8053,-122.7002,68.0,24,75,0.6
429,Chiusi,IT,2021-04-16 01:39:37,43.016,11.9475,42.01,79,100,2.93
430,Terra Santa,BR,2021-04-16 01:39:37,-2.1042,-56.4869,76.71,86,100,2.39
431,Gravelbourg,CA,2021-04-16 01:39:38,49.8834,-106.5512,35.6,69,40,3.44
432,Gladstone,AU,2021-04-16 01:39:38,-23.85,151.25,80.6,50,0,8.05
433,Hirara,JP,2021-04-16 01:39:38,24.8,125.2833,75.2,88,75,11.5
434,Praia Da Vitoria,PT,2021-04-16 01:39:38,38.7333,-27.0667,61.0,82,20,9.93
435,Gizo,SB,2021-04-16 01:39:39,-8.103,156.8419,84.88,71,39,4.0
436,Abnub,EG,2021-04-16 01:39:39,27.2696,31.1511,64.4,48,0,8.05
437,Sidi Ali,DZ,2021-04-16 01:39:39,36.0998,0.4206,54.03,87,100,29.37
438,Pak Phanang,TH,2021-04-16 01:39:39,8.3511,100.202,86.0,79,20,4.94
439,Maceio,BR,2021-04-16 01:39:40,-9.6658,-35.7353,75.2,94,75,2.3
440,Marzuq,YE,2021-04-16 01:39:40,14.4,46.4667,67.1,45,91,4.47
441,Russell,US,2021-04-16 01:39:40,32.3502,-85.1999,66.2,77,1,10.2
442,Latung,PH,2021-04-16 01:39:41,5.5,120.8833,82.62,77,100,10.63
443,Songea,TZ,2021-04-16 01:39:41,-10.6833,35.65,66.2,94,20,2.26
444,Magadan,RU,2021-04-16 01:39:41,59.5667,150.8,26.55,72,52,8.16
445,Ginda,IN,2021-04-16 01:39:42,30.6945,78.4932,63.54,23,66,6.31
446,Aksha,RU,2021-04-16 01:39:42,50.2814,113.2867,38.43,34,5,13.33
447,Avrille,FR,2021-04-16 01:38:56,47.5,-0.5833,37.99,87,0,8.05
448,Fort Saint James,CA,2021-04-16 01:39:42,54.4333,-124.25,46.67,94,32,2.33
449,Invermere,CA,2021-04-16 01:39:42,50.5167,-116.0354,55.33,51,5,5.23
450,Aksarka,RU,2021-04-16 01:39:43,66.5606,67.7975,6.58,81,78,2.42
451,Shubarshi,KZ,2021-04-16 01:39:43,48.5872,57.1869,49.98,53,0,7.4
452,Vorobyevka,RU,2021-04-16 01:39:43,50.6451,40.9245,47.44,86,85,4.76
453,Mwingi,KE,2021-04-16 01:39:44,-0.9344,38.0601,64.87,95,55,4.09
454,Kamaishi,JP,2021-04-16 01:39:44,39.2667,141.8833,57.2,47,20,14.97
455,Batagay,RU,2021-04-16 01:39:03,67.6333,134.6333,15.6,83,100,4.94
456,Saurimo,AO,2021-04-16 01:39:44,-9.6608,20.3916,61.81,97,16,4.05
457,Sistranda,NO,2021-04-16 01:39:45,63.7256,8.834,39.2,93,0,8.05
458,Sechura,PE,2021-04-16 01:39:45,-5.5569,-80.8222,72.9,67,89,13.2
459,Kirovskiy,RU,2021-04-16 01:39:45,45.0917,133.5136,56.34,38,84,15.01
460,Ponta Delgada,PT,2021-04-16 01:39:45,37.7333,-25.6667,57.2,88,20,2.3
461,Mayumba,GA,2021-04-16 01:39:46,-3.432,10.6554,77.86,88,100,4.12
462,Tecoanapa,MX,2021-04-16 01:39:46,16.5167,-98.75,79.38,70,94,6.46
463,Pahalgam,IN,2021-04-16 01:39:46,34.0333,75.3333,39.99,77,100,4.27
464,Harper,LR,2021-04-16 01:39:47,4.375,-7.7169,79.48,84,87,6.2
465,Puerto Colombia,CO,2021-04-16 01:39:47,10.9878,-74.9547,80.6,83,40,6.91
466,Jaisalmer,IN,2021-04-16 01:39:47,26.9147,70.9181,78.66,36,76,5.79
467,Aklavik,CA,2021-04-16 01:39:47,68.2191,-135.0107,24.8,68,85,5.75
468,Axim,GH,2021-04-16 01:39:48,4.8699,-2.2405,80.11,83,81,6.42
469,Udachnyy,RU,2021-04-16 01:37:13,66.4167,112.4,24.53,92,100,24.43
470,North Branch,US,2021-04-16 01:39:48,45.5113,-92.9802,46.99,79,100,6.71
471,Hereford,GB,2021-04-16 01:39:48,52.0568,-2.7148,35.01,85,7,1.43
472,Muros,ES,2021-04-16 01:39:48,42.7762,-9.0603,48.0,64,0,7.0
473,Ca Mau,VN,2021-04-16 01:39:49,9.1769,105.15,88.07,58,21,4.32
474,Edea,CM,2021-04-16 01:39:49,3.8,10.1333,77.0,94,40,2.3
475,Panguna,PG,2021-04-16 01:39:49,-6.3164,155.4848,83.68,57,88,3.51
476,Kavaratti,IN,2021-04-16 01:39:50,10.5669,72.642,84.13,70,86,6.49
477,Narsaq,GL,2021-04-16 01:39:50,60.9167,-46.05,28.4,43,40,18.41
478,Tanout,NE,2021-04-16 01:39:50,14.9709,8.8879,76.93,7,0,10.0
479,Palmer,US,2021-04-16 01:39:50,42.1584,-72.3287,42.8,87,90,5.75
480,Fukue,JP,2021-04-16 01:39:51,32.6881,128.8419,59.0,100,75,5.75
481,Sao Joao Da Barra,BR,2021-04-16 01:39:51,-21.6403,-41.0511,72.28,67,100,5.48
482,Show Low,US,2021-04-16 01:39:51,34.2542,-110.0298,55.4,12,1,17.27
483,Lufilufi,WS,2021-04-16 01:39:52,-13.8745,-171.5986,87.8,66,75,5.75
484,Pampa,US,2021-04-16 01:37:09,35.5362,-100.9599,44.6,81,90,19.57
485,Nampula,MZ,2021-04-16 01:39:52,-15.1165,39.2666,71.6,88,40,8.05
486,Lira,UG,2021-04-16 01:39:52,2.235,32.9097,64.54,94,92,3.0
487,Komsomolets,KZ,2021-04-16 01:39:52,53.7453,62.0708,46.62,70,60,4.45
488,Kaka,TM,2021-04-16 01:39:53,37.3482,59.6143,61.34,45,5,1.83
489,Jacareacanga,BR,2021-04-16 01:39:53,-6.2222,-57.7528,73.98,96,100,1.77
490,Felanitx,ES,2021-04-16 01:39:53,39.4696,3.1483,48.0,93,20,9.55
491,San Juan,AR,2021-04-16 01:39:53,-31.5375,-68.5364,73.35,36,0,8.43
492,Ratne,UA,2021-04-16 01:39:54,51.6683,24.5303,40.64,96,100,9.04
493,Satipo,PE,2021-04-16 01:39:54,-11.2522,-74.6386,69.08,96,100,2.3
494,Sakaiminato,JP,2021-04-16 01:39:54,35.55,133.2333,68.0,56,75,23.02
495,Lagoa,PT,2021-04-16 01:39:55,39.05,-27.9833,61.02,85,92,13.44
496,Bagdarin,RU,2021-04-16 01:39:55,54.4333,113.6,34.03,26,42,5.03
497,Van Buren,US,2021-04-16 01:39:55,35.4368,-94.3483,62.6,55,1,4.61
498,Coquimbo,CL,2021-04-16 01:39:55,-29.9533,-71.3436,59.0,82,90,2.3
499,Benjamin Hill,MX,2021-04-16 01:39:56,30.1667,-111.1,79.0,17,100,4.0
500,Huilong,CN,2021-04-16 01:39:56,31.8111,121.655,66.99,74,100,3.0
501,Richards Bay,ZA,2021-04-16 01:39:56,-28.783,32.0377,71.2,75,34,22.84
502,Idrinskoye,RU,2021-04-16 01:39:57,54.3708,92.1358,36.32,98,94,3.49
503,Parati,BR,2021-04-16 01:39:57,-23.2178,-44.7131,69.93,91,96,2.62
504,Raudeberg,NO,2021-04-16 01:39:57,61.9875,5.1352,37.99,86,98,3.58
505,Mandera,KE,2021-04-16 01:39:57,3.9366,41.867,82.45,62,7,11.88
506,Susa,TN,2021-04-16 01:39:58,35.8254,10.637,61.0,77,40,21.85
507,Santiago Del Estero,AR,2021-04-16 01:39:58,-27.7951,-64.2615,71.56,74,2,4.38
508,Awbari,LY,2021-04-16 01:39:58,26.5921,12.7805,80.31,12,30,9.73
509,Pasighat,IN,2021-04-16 01:37:01,28.0667,95.3333,80.31,45,100,3.33
510,Bani Walid,LY,2021-04-16 01:39:59,31.7566,13.9942,57.78,78,100,9.71
511,Yangambi,CD,2021-04-16 01:37:21,0.8102,24.4336,69.04,99,100,2.8
512,Touba,CI,2021-04-16 01:39:59,8.2833,-7.6833,75.0,71,85,5.44
513,Eyl,SO,2021-04-16 01:39:59,7.9803,49.8164,79.0,73,10,6.42
514,Riacho De Santana,BR,2021-04-16 01:40:00,-13.6092,-42.9389,71.01,61,43,11.21
515,Yumen,CN,2021-04-16 01:40:00,40.2833,97.2,47.52,14,0,18.66
516,Saint-Doulchard,FR,2021-04-16 01:40:00,47.1037,2.352,35.6,75,0,10.36
517,Margate,GB,2021-04-16 01:37:05,51.3813,1.3862,42.01,75,83,4.0
518,Kargasok,RU,2021-04-16 01:40:00,59.0556,80.8572,32.52,97,100,9.28
519,Santa Maria,BR,2021-04-16 01:40:01,-29.6842,-53.8069,64.4,100,40,1.14
520,Caloto,CO,2021-04-16 01:40:01,3.0359,-76.4079,75.2,83,75,3.44
521,Campbellton,CA,2021-04-16 01:40:02,48.0075,-66.6727,37.4,70,1,16.11
522,Rabo De Peixe,PT,2021-04-16 01:40:02,37.8,-25.5833,57.2,88,20,2.3
523,Tokur,RU,2021-04-16 01:40:02,53.1333,132.9,30.45,57,93,3.09
524,Orillia,CA,2021-04-16 01:40:03,44.6087,-79.4207,39.2,87,100,12.66
525,Sault Sainte Marie,CA,2021-04-16 01:39:17,46.5168,-84.3333,39.2,75,90,8.05
526,Nicoya,CR,2021-04-16 01:40:03,10.1483,-85.452,80.6,65,75,10.36
527,Bouar,CF,2021-04-16 01:40:04,5.934,15.596,66.31,75,64,2.3
528,Laguna,US,2021-04-16 01:39:52,38.421,-121.4238,75.2,17,1,11.5
529,Kolyvan,RU,2021-04-16 01:40:04,55.3053,82.7391,44.6,70,0,6.71
530,Svetlogorsk,BY,2021-04-16 01:40:04,52.6333,29.7333,43.03,94,60,4.41
531,Namibe,AO,2021-04-16 01:40:05,-15.1961,12.1522,80.94,75,4,5.66
532,Khorinsk,RU,2021-04-16 01:40:05,52.1657,109.7726,36.12,34,16,8.86
533,Alyangula,AU,2021-04-16 01:40:05,-13.8483,136.4192,89.6,66,40,2.3
534,Kolobrzeg,PL,2021-04-16 01:40:05,54.1757,15.5834,39.99,89,100,18.95
535,Kulhudhuffushi,MV,2021-04-16 01:40:06,6.6221,73.07,83.59,69,91,2.39
536,Bilibino,RU,2021-04-16 01:40:06,68.0546,166.4372,20.89,90,100,4.21
537,Aksu,CN,2021-04-16 01:40:06,41.1231,80.2644,61.63,28,100,3.74
538,Merauke,ID,2021-04-16 01:40:06,-8.4667,140.3333,85.41,65,88,10.09
539,El Tigre,VE,2021-04-16 01:39:36,8.8875,-64.2454,82.33,58,36,14.2
540,Ambunti,PG,2021-04-16 01:40:07,-4.2365,142.8448,91.81,53,69,1.61
541,Amapa,BR,2021-04-16 01:40:07,1.0,-52.0,71.69,99,100,2.39
542,Balarampur,IN,2021-04-16 01:40:07,23.1167,86.2167,82.4,39,90,8.9
543,Mildura,AU,2021-04-16 01:40:08,-34.2,142.15,64.0,55,40,10.36
544,Road Town,VG,2021-04-16 01:35:33,18.4167,-64.6167,77.0,69,20,8.05
545,Chapais,CA,2021-04-16 01:40:08,49.7834,-74.8492,48.2,29,75,4.61
546,Shunyi,CN,2021-04-16 01:40:08,40.125,116.6453,62.01,19,0,6.71
547,Lasa,IT,2021-04-16 01:39:49,46.6166,10.7002,23.0,68,0,2.3
548,Yarmouth,US,2021-04-16 01:40:08,41.7057,-70.2286,45.0,81,90,4.61
549,Inuvik,CA,2021-04-16 01:40:09,68.3499,-133.7218,24.8,68,99,5.75
550,Akdepe,TM,2021-04-16 01:40:09,42.0551,59.3788,51.8,46,0,6.91
551,Visnes,NO,2021-04-16 01:40:09,59.3556,5.2242,32.0,74,48,5.75
552,Luxor,EG,2021-04-16 01:40:10,25.6989,32.6421,68.0,30,0,5.1
553,Vermilion,US,2021-04-16 01:40:10,40.1667,-87.7506,52.0,50,90,6.91
554,Zarubino,RU,2021-04-16 01:40:10,42.63,131.0922,43.41,85,100,20.67
555,Taft,IR,2021-04-16 01:40:11,31.7471,54.2088,66.2,32,0,9.22
556,Barcelos,PT,2021-04-16 01:36:59,41.5388,-8.6151,57.0,94,0,5.75
557,Zhob,PK,2021-04-16 01:40:11,31.3411,69.4481,54.07,86,100,6.4
558,Nagato,JP,2021-04-16 01:40:11,34.3833,131.2,60.8,67,75,17.27
559,Lakes Entrance,AU,2021-04-16 01:40:11,-37.8811,147.981,59.0,61,19,1.99
560,Chipinge,ZW,2021-04-16 01:40:12,-20.1883,32.6236,57.42,66,51,2.08
561,Sorsk,RU,2021-04-16 01:40:12,54.0033,90.2467,40.86,80,68,6.22
562,Lucea,JM,2021-04-16 01:40:12,18.451,-78.1736,78.8,78,20,6.91
563,Montepuez,MZ,2021-04-16 01:40:13,-13.1256,38.9997,63.46,97,50,4.09
564,Agdas,AZ,2021-04-16 01:40:13,40.65,47.4761,41.0,93,100,2.01
565,Sinnamary,GF,2021-04-16 01:40:13,5.3833,-52.95,78.26,83,98,12.73
566,San Cristobal,VE,2021-04-16 01:40:13,7.7669,-72.225,80.6,78,75,2.3
567,Palencia,ES,2021-04-16 01:40:14,42.4167,-4.5,37.99,76,0,8.01
568,Ararat,AM,2021-04-16 01:40:14,39.8317,44.7049,51.8,46,22,6.91
569,Muscat,OM,2021-04-16 01:35:50,23.6139,58.5922,78.8,57,0,2.3
570,Tiarei,PF,2021-04-16 01:40:14,-17.5333,-149.3333,87.01,70,75,13.8
571,Bundaberg,AU,2021-04-16 01:40:15,-24.85,152.35,78.8,53,40,5.75
572,Sao Miguel Do Araguaia,BR,2021-04-16 01:39:06,-13.275,-50.1628,75.69,77,74,1.92
573,Indramayu,ID,2021-04-16 01:40:15,-6.3264,108.32,82.31,72,73,5.06
574,Tezu,IN,2021-04-16 01:40:15,27.9167,96.1667,82.56,30,100,0.96
575,Portoferraio,IT,2021-04-16 01:40:16,42.8115,10.3146,51.01,71,95,5.01
576,Caconda,AO,2021-04-16 01:40:16,-13.7333,15.0667,58.55,86,93,3.8
577,Boke,GN,2021-04-16 01:40:16,10.9409,-14.2967,77.2,82,75,4.34
578,Corinto,GR,2021-04-16 01:40:16,37.9407,22.9573,50.0,64,55,1.88
579,Nang Rong,TH,2021-04-16 01:40:17,14.6377,102.7914,84.99,100,49,4.61
580,Jiquipilas,MX,2021-04-16 01:40:17,16.6667,-93.65,91.4,35,40,9.22
581,Puerto Ayacucho,VE,2021-04-16 01:40:17,5.6639,-67.6236,76.69,82,13,4.43
582,Ampanihy,MG,2021-04-16 01:40:17,-24.7,44.75,67.87,94,4,4.61
